{
  "description": [
    "<h1>Dingę pietūs</h1>",
    "<p>Robotukas pametė pietums skirtą dėžutę. </p>",
    "<p>Robotukas žaidė labirinte, pasidėjo ją ir paskui klaidžiojo. ",
    "Dabar Robotukas išalkęs. Dėžutę vaizduoja vėliavėlė. ",
    "Kiekvieną kartą paspaudus žaisti, ir vėliavėlė, ir Robotukas bus ",
    "atsidurs atsitiktinėje vietoje. </p>",
    "<p>Parašykite programą naudodami sąlygos sakinį, kuri padėtų Robotukui surasti dėžutę. ",
    "Paslaptis yra ta, kad Robotukas turi sekti palei dešinę labirinto sieną: ",
    "eiti tiesiai tol kol gali, priėjus sieną, ",
    "pasukti į dešinę, jei gali, kitaip - pasukti į kairę ir vėl eiti pirmyn.</p>",
    "<h3>Ką reikia žinoti</h3>",
    "<ul><li>Funkcijas <code>pirmyn()</code> ir <code>suktis_kairėn()</code>.</li>",
    "<li>Sąlygą <code>priekyje_laisva()</code> arba <code>priekyje_siena()</code>,",
    "<code>dešinėje_laisva()</code> arba <code>dešinėje_siena()</code>, ir <code>prie_tikslo()</code>.</li>",
    "<li>Kaip naudoti ciklą ir sąlygos sakinius.</li>",
    "<li>Galėtų būti pravartu žinoti, kaip naudoti sąlygos neigimą.</li></ul>",
    "DIFFICULTY4",
    ""    
  ],
  "robots": [
    {
      "x": 3,
      "y": 3,
      "objects": {},
      "_orientation": -1,
      "_is_leaky": true,
      "_prev_x": 3,
      "_prev_y": 3,
      "_prev_orientation": -1,
      "_trace_history": [],
      "_trace_style": "default",
      "_trace_color": "seagreen",
      "__id": 13,
      "model": "classic",
      "possible_initial_positions": [
        [
          1,
          1
        ],
        [
          3,
          1
        ],
        [
          5,
          5
        ],
        [
          5,
          1
        ],
        [
          4,
          4
        ],
        [
          3,
          3
        ]
      ]
    }
  ],
  "walls": {
    "2,5": [
      "north"
    ],
    "1,5": [
      "north"
    ],
    "3,5": [
      "north"
    ],
    "4,5": [
      "north"
    ],
    "5,5": [
      "east",
      "north"
    ],
    "5,1": [
      "east"
    ],
    "5,3": [
      "east"
    ],
    "5,2": [
      "east"
    ],
    "5,4": [
      "east"
    ],
    "1,1": [
      "north"
    ],
    "2,1": [
      "east"
    ],
    "2,2": [
      "east",
      "north"
    ],
    "1,3": [
      "east"
    ],
    "3,2": [
      "north"
    ],
    "3,3": [
      "east",
      "north"
    ],
    "2,4": [
      "east"
    ],
    "3,4": [
      "north"
    ],
    "4,4": [
      "east"
    ],
    "4,3": [
      "east"
    ],
    "4,2": [
      "east"
    ],
    "4,1": [
      "north"
    ],
    "3,1": [
      "east"
    ]
  },
  "small_tiles": false,
  "rows": 5,
  "cols": 5,
  "goal": {
    "position": {
      "image": "racing_flag",
      "x": 2,
      "y": 5
    },
    "possible_final_positions": [
      [
        2,
        3
      ],
      [
        4,
        1
      ],
      [
        1,
        2
      ],
      [
        3,
        4
      ],
      [
        2,
        1
      ],
      [
        2,
        5
      ]
    ]
  },
  "tiles": {
    "1,1": [
      "gravel"
    ],
    "1,2": [
      "gravel"
    ],
    "1,3": [
      "gravel"
    ],
    "1,4": [
      "gravel"
    ],
    "1,5": [
      "gravel"
    ],
    "2,1": [
      "gravel"
    ],
    "2,2": [
      "gravel"
    ],
    "2,3": [
      "gravel"
    ],
    "2,4": [
      "gravel"
    ],
    "2,5": [
      "gravel"
    ],
    "3,1": [
      "gravel"
    ],
    "3,2": [
      "gravel"
    ],
    "3,3": [
      "gravel"
    ],
    "3,4": [
      "gravel"
    ],
    "3,5": [
      "gravel"
    ],
    "4,1": [
      "gravel"
    ],
    "4,2": [
      "gravel"
    ],
    "4,3": [
      "gravel"
    ],
    "4,4": [
      "gravel"
    ],
    "4,5": [
      "gravel"
    ],
    "5,1": [
      "gravel"
    ],
    "5,2": [
      "gravel"
    ],
    "5,3": [
      "gravel"
    ],
    "5,4": [
      "gravel"
    ],
    "5,5": [
      "gravel"
    ]
  }
}