{
  "robots": [
    {
      "x": 3,
      "y": 6,
      "objects": {},
      "model": "classic",
      "_orientation": 0,
      "_is_leaky": true,
      "_prev_x": 3,
      "_prev_y": 6,
      "_prev_orientation": 0,
      "_trace_history": [],
      "_trace_style": "default",
      "_trace_color": "seagreen",
      "__id": 13,
      "possible_initial_positions": [
        [
          3,
          6
        ]
      ]
    }
  ],
  "walls": {},
  "small_tiles": false,
  "rows": 10,
  "cols": 10,
  "tiles": {
    "1,8": [
      "grass"
    ],
    "2,8": [
      "grass"
    ],
    "3,8": [
      "grass"
    ],
    "3,9": [
      "grass"
    ],
    "1,5": [
      "grass"
    ],
    "1,7": [
      "grass"
    ],
    "1,6": [
      "grass"
    ],
    "1,4": [
      "grass"
    ],
    "1,3": [
      "grass"
    ],
    "1,2": [
      "grass"
    ],
    "1,1": [
      "grass"
    ],
    "3,6": [
      "gravel"
    ],
    "3,5": [
      "gravel"
    ],
    "3,4": [
      "gravel"
    ],
    "4,5": [
      "bricks"
    ],
    "2,6": [
      "bricks"
    ],
    "2,1": [
      "grass"
    ],
    "3,1": [
      "grass"
    ],
    "4,1": [
      "grass"
    ],
    "5,1": [
      "grass"
    ],
    "6,1": [
      "grass"
    ],
    "8,1": [
      "grass"
    ],
    "7,1": [
      "grass"
    ],
    "8,2": [
      "grass"
    ],
    "8,3": [
      "bricks"
    ],
    "8,4": [
      "bricks"
    ],
    "7,4": [
      "gravel"
    ],
    "7,5": [
      "bricks"
    ],
    "7,6": [
      "grass"
    ],
    "7,7": [
      "grass"
    ],
    "7,8": [
      "grass"
    ],
    "7,9": [
      "grass"
    ],
    "4,9": [
      "grass"
    ],
    "5,9": [
      "grass"
    ],
    "6,9": [
      "grass"
    ],
    "2,7": [
      "bricks"
    ],
    "3,7": [
      "bricks"
    ],
    "4,7": [
      "bricks"
    ],
    "4,8": [
      "grass"
    ],
    "4,6": [
      "gravel"
    ],
    "5,7": [
      "bricks"
    ],
    "5,8": [
      "grass"
    ],
    "6,8": [
      "grass"
    ],
    "6,7": [
      "bricks"
    ],
    "6,6": [
      "bricks"
    ],
    "5,6": [
      "gravel"
    ],
    "5,5": [
      "gravel"
    ],
    "6,5": [
      "bricks"
    ],
    "6,4": [
      "gravel"
    ],
    "5,4": [
      "gravel"
    ],
    "4,4": [
      "gravel"
    ],
    "4,3": [
      "bricks"
    ],
    "5,3": [
      "bricks"
    ],
    "6,3": [
      "bricks"
    ],
    "7,3": [
      "bricks"
    ],
    "7,2": [
      "grass"
    ],
    "6,2": [
      "grass"
    ],
    "5,2": [
      "grass"
    ],
    "4,2": [
      "grass"
    ],
    "3,2": [
      "grass"
    ],
    "2,2": [
      "grass"
    ],
    "2,3": [
      "bricks"
    ],
    "3,3": [
      "bricks"
    ],
    "2,4": [
      "bricks"
    ],
    "2,5": [
      "bricks"
    ],
    "1,9": [
      "grass"
    ],
    "2,9": [
      "grass"
    ],
    "8,9": [
      "water"
    ],
    "8,8": [
      "water"
    ],
    "8,7": [
      "water"
    ],
    "8,6": [
      "grass"
    ],
    "8,5": [
      "bricks"
    ],
    "1,10": [
      "grass"
    ],
    "2,10": [
      "grass"
    ],
    "4,10": [
      "grass"
    ],
    "3,10": [
      "grass"
    ],
    "5,10": [
      "grass"
    ],
    "6,10": [
      "grass"
    ],
    "7,10": [
      "grass"
    ],
    "8,10": [
      "grass"
    ],
    "9,10": [
      "grass"
    ],
    "10,10": [
      "grass"
    ],
    "10,9": [
      "grass"
    ],
    "10,8": [
      "grass"
    ],
    "9,9": [
      "water"
    ],
    "9,8": [
      "water"
    ],
    "9,7": [
      "water"
    ],
    "10,7": [
      "grass"
    ],
    "10,6": [
      "grass"
    ],
    "9,6": [
      "grass"
    ],
    "9,1": [
      "grass"
    ],
    "10,1": [
      "grass"
    ],
    "10,2": [
      "grass"
    ],
    "10,3": [
      "grass"
    ],
    "10,4": [
      "grass"
    ],
    "10,5": [
      "grass"
    ],
    "9,5": [
      "grass"
    ],
    "9,2": [
      "grass"
    ],
    "9,3": [
      "grass"
    ],
    "9,4": [
      "grass"
    ]
  },
  "description": [
    "<h1>Paprasta!</h1>",
    "<p>Robotukas nusprendė susitvarkyti sandėliuką. Jis yra labai mažas, todėl užduotis paprasta - jums reikia nustumti dėžes į sandėliuko kampą.</p>",
    "<p>Ką reikia žinoti:</p>",
    "<ul>",
    "    <li>Jei kode nėra, importuokite tokią biblioteką pirmoje eilutėje: <code>from sokoban import *</code>.</li>",
    "    <li>Funkcijas <code>kairėn()</code>, <code>dešinėn()</code>, <code>aukštyn()</code> ir <code>žemyn()</code>.</li>",
    "</ul>",
    "DIFFICULTY1"
  ],
  "editor": [
    "from sokoban import *",
    "dešinėn()",
    "aukštyn()"
  ],
  "library": [
    ""
  ],
  "pre": [
    "set_trace_style(\"invisible\")"
  ],
  "onload": [
    "RUR.add_pushable('box',5,5)",
    "RUR.add_pushable('box',4,4)",
    "RUR.add_pushable('box',7,4,{goal: true})",
    "RUR.add_pushable('box',6,4,{goal: true})"
  ],
  "decorative_objects": {
    "7,6": [
      "tulip"
    ],
    "3,9": [
      "tulip"
    ],
    "4,9": [
      "tulip"
    ],
    "5,9": [
      "tulip"
    ],
    "6,9": [
      "tulip"
    ],
    "2,9": [
      "tulip"
    ],
    "10,1": [
      "leaf"
    ],
    "9,1": [
      "leaf"
    ],
    "4,1": [
      "daisy"
    ],
    "5,1": [
      "daisy"
    ],
    "6,1": [
      "daisy"
    ],
    "1,1": [
      "daisy"
    ]
  }
}