{
  "robots": [
    {
      "x": 5,
      "y": 3,
      "objects": {},
      "model": "classic",
      "_orientation": 0,
      "_is_leaky": true,
      "_prev_x": 5,
      "_prev_y": 3,
      "_prev_orientation": 0,
      "_trace_history": [],
      "_trace_style": "default",
      "_trace_color": "seagreen",
      "__id": 2,
      "possible_initial_positions": [
        [
          5,
          3
        ]
      ]
    }
  ],
  "walls": {},
  "small_tiles": false,
  "rows": 10,
  "cols": 13,
  "tiles": {
    "1,8": [
      "water"
    ],
    "2,8": [
      "bricks"
    ],
    "3,8": [
      "bricks"
    ],
    "3,9": [
      "bricks"
    ],
    "1,5": [
      "water"
    ],
    "1,7": [
      "water"
    ],
    "1,6": [
      "water"
    ],
    "1,4": [
      "water"
    ],
    "1,3": [
      "water"
    ],
    "1,2": [
      "water"
    ],
    "1,1": [
      "water"
    ],
    "3,6": [
      "gravel"
    ],
    "3,5": [
      "gravel"
    ],
    "3,4": [
      "gravel"
    ],
    "4,5": [
      "gravel"
    ],
    "2,6": [
      "bricks"
    ],
    "2,1": [
      "water"
    ],
    "3,1": [
      "water"
    ],
    "4,1": [
      "water"
    ],
    "5,1": [
      "water"
    ],
    "6,1": [
      "water"
    ],
    "8,1": [
      "water"
    ],
    "7,1": [
      "water"
    ],
    "8,2": [
      "grass"
    ],
    "8,3": [
      "bricks"
    ],
    "8,4": [
      "gravel"
    ],
    "7,4": [
      "gravel"
    ],
    "7,5": [
      "bricks"
    ],
    "7,6": [
      "bricks"
    ],
    "7,7": [
      "gravel"
    ],
    "7,8": [
      "bricks"
    ],
    "7,9": [
      "bricks"
    ],
    "4,9": [
      "bricks"
    ],
    "5,9": [
      "bricks"
    ],
    "6,9": [
      "bricks"
    ],
    "2,7": [
      "bricks"
    ],
    "3,7": [
      "gravel"
    ],
    "4,7": [
      "gravel"
    ],
    "4,8": [
      "gravel"
    ],
    "4,6": [
      "bricks"
    ],
    "5,7": [
      "bricks"
    ],
    "5,8": [
      "gravel"
    ],
    "6,8": [
      "gravel"
    ],
    "6,7": [
      "gravel"
    ],
    "6,6": [
      "gravel"
    ],
    "5,6": [
      "gravel"
    ],
    "5,5": [
      "gravel"
    ],
    "6,5": [
      "gravel"
    ],
    "6,4": [
      "gravel"
    ],
    "5,4": [
      "gravel"
    ],
    "4,4": [
      "bricks"
    ],
    "4,3": [
      "gravel"
    ],
    "5,3": [
      "gravel"
    ],
    "6,3": [
      "bricks"
    ],
    "7,3": [
      "bricks"
    ],
    "7,2": [
      "grass"
    ],
    "6,2": [
      "bricks"
    ],
    "5,2": [
      "bricks"
    ],
    "4,2": [
      "bricks"
    ],
    "3,2": [
      "bricks"
    ],
    "2,2": [
      "bricks"
    ],
    "2,3": [
      "bricks"
    ],
    "3,3": [
      "gravel"
    ],
    "2,4": [
      "bricks"
    ],
    "2,5": [
      "bricks"
    ],
    "1,9": [
      "water"
    ],
    "2,9": [
      "grass"
    ],
    "8,9": [
      "water"
    ],
    "8,8": [
      "bricks"
    ],
    "8,7": [
      "gravel"
    ],
    "8,6": [
      "gravel"
    ],
    "8,5": [
      "gravel"
    ],
    "1,10": [
      "water"
    ],
    "2,10": [
      "water"
    ],
    "4,10": [
      "water"
    ],
    "3,10": [
      "water"
    ],
    "5,10": [
      "water"
    ],
    "6,10": [
      "water"
    ],
    "7,10": [
      "water"
    ],
    "8,10": [
      "water"
    ],
    "9,10": [
      "water"
    ],
    "10,10": [
      "water"
    ],
    "10,9": [
      "water"
    ],
    "10,8": [
      "water"
    ],
    "9,9": [
      "water"
    ],
    "9,8": [
      "bricks"
    ],
    "9,7": [
      "bricks"
    ],
    "10,7": [
      "water"
    ],
    "10,6": [
      "water"
    ],
    "9,6": [
      "bricks"
    ],
    "9,1": [
      "water"
    ],
    "10,1": [
      "water"
    ],
    "10,2": [
      "water"
    ],
    "10,3": [
      "water"
    ],
    "10,4": [
      "gravel"
    ],
    "10,5": [
      "water"
    ],
    "9,5": [
      "bricks"
    ],
    "9,2": [
      "grass"
    ],
    "9,3": [
      "bricks"
    ],
    "9,4": [
      "gravel"
    ],
    "11,10": [
      "water"
    ],
    "12,10": [
      "water"
    ],
    "13,10": [
      "water"
    ],
    "13,9": [
      "grass"
    ],
    "12,9": [
      "grass"
    ],
    "11,9": [
      "grass"
    ],
    "11,8": [
      "grass"
    ],
    "12,8": [
      "grass"
    ],
    "13,8": [
      "grass"
    ],
    "13,7": [
      "grass"
    ],
    "11,7": [
      "grass"
    ],
    "12,7": [
      "grass"
    ],
    "12,6": [
      "grass"
    ],
    "11,6": [
      "water"
    ],
    "11,5": [
      "grass"
    ],
    "12,5": [
      "grass"
    ],
    "13,6": [
      "water"
    ],
    "13,5": [
      "grass"
    ],
    "13,4": [
      "grass"
    ],
    "12,4": [
      "grass"
    ],
    "11,4": [
      "grass"
    ],
    "11,3": [
      "grass"
    ],
    "12,3": [
      "grass"
    ],
    "13,3": [
      "grass"
    ],
    "13,2": [
      "water"
    ],
    "12,2": [
      "water"
    ],
    "11,2": [
      "water"
    ],
    "11,1": [
      "water"
    ],
    "12,1": [
      "water"
    ],
    "13,1": [
      "water"
    ]
  },
  "description": [
    "<h1>Garažo tvarkymas</h1>",
    "<p>Šalia namų Robotukas turi garažą. Kartą Robotukas nusprendė susitvarkyti tą garažą. Taip jis ir padarė. Betvarkant Robotukui beveik pasibaigė energija, todėl jis turėjo grįžti namo pasikrauti.</p>",
    "<p>Ką reikia žinoti:</p>",
    "<ul>",
    "    <li>Jei kode nėra, importuokite tokią biblioteką pirmoje eilutėje: <code>from sokoban import *</code>.</li>",
    "    <li>Funkcijas <code>kairėn()</code>, <code>dešinėn()</code>, <code>aukštyn()</code> ir <code>žemyn()</code>.</li>",
    "</ul>",
    "DIFFICULTY3"
  ],
  "onload": [
    "RUR.add_pushable('box',4,5)",
    "RUR.add_pushable('box',6,5)",
    "RUR.add_pushable('box',3,3,{goal: true})",
    "RUR.add_pushable('box',3,4,{goal: true})"
  ],
  "pre": [
    "set_trace_style(\"invisible\")"
  ],
  "goal": {
    "objects": {
      "3,8": {}
    },
    "possible_final_positions": [
      [
        12,
        4
      ]
    ],
    "position": {
      "image": "house",
      "x": 12,
      "y": 4
    },
    "pushables": {
      "3,3": [
        "box"
      ],
      "3,4": [
        "box"
      ]
    }
  },
  "objects": {
    "13,9": {}
  },
  "decorative_objects": {
    "8,2": [
      "leaf"
    ],
    "9,2": [
      "leaf"
    ],
    "11,8": [
      "tulip"
    ],
    "12,8": [
      "tulip"
    ],
    "12,7": [
      "tulip"
    ],
    "11,7": [
      "tulip"
    ],
    "11,9": [
      "leaf"
    ],
    "12,9": [
      "leaf"
    ],
    "13,9": [
      "leaf"
    ],
    "13,8": [
      "leaf"
    ],
    "13,7": [
      "leaf"
    ]
  },
  "obstacles": {
    "10,5": [
      "fence_double"
    ],
    "10,3": [
      "fence_double"
    ],
    "11,5": [
      "fence_left"
    ],
    "11,3": [
      "fence_left"
    ]
  }
}