<?xml version="1.0" encoding="utf-8"?>
<task id="task_12002821">
    <course>Robotuko pasaulis</course>
    <title>Garažo tvarkymas</title>
    <short>Garažo tvarkymas</short>
    <description><![CDATA[]]></description>
    <example><![CDATA[]]></example>
    <skeleton><![CDATA[]]></skeleton>
    <drops><![CDATA[]]></drops>
    <language>lt</language>
    <programming_language>javascript</programming_language>
    <menu_position>top</menu_position>
    <author>Tomas Blažauskas</author>
    <score>80</score>
    <show_title>1</show_title>
    <show_description>0</show_description>
    <show_examples>0</show_examples>
    <show_icons>1</show_icons>
    <small_icons>1</small_icons>
    <use_drops>0</use_drops>
    <use_hints>0</use_hints>
    <use_ai>0</use_ai>
    <use_explanations>0</use_explanations>
    <use_corrections>0</use_corrections>
    <use_reviews>0</use_reviews>
    <hints>
        
    </hints>
    <languages>
        <language><![CDATA[javascript]]></language>

    </languages>
    <show_tests>0</show_tests>
    <show_files>0</show_files>
    <files>
        
    </files>
    <button_new>1</button_new>
    <button_run>1</button_run>
    <button_backward>1</button_backward>
    <button_forward>1</button_forward>
    <button_pause>1</button_pause>
    <button_stop>1</button_stop>
    <button_clear></button_clear>
    <button_reset>1</button_reset>
    <button_upload>1</button_upload>
    <button_download>1</button_download>
</task>