{
  "description": [
    "<h1>Morkų rinkimas</h1>",
    "<p>Robotukas buvo pasamdytas skinti morkas soduose. ",
    "Nors visi sodai yra vienodo dydžio, ",
    "morkos kiekviename iš sodų auga skirtingose vietose. ",
    "Reikia sukurti programą, kuri leistų Robotukui ",
    "nuimti visų morkų derlių kiekviename iš galimų sodų. ",
    "Jūs žinote, kad kiekvienoje vietoje visada bus tik ",
    "bus arba viena, nei vienos morkos.</p>",
    "<p>Atsiminkite, kad galite naudoti vieną ciklo sakinį ",
    "kitame ciklo sakinyje - tai vadiname ciklu cikle.",
    "Pagalvokite, kaip galėtumėte panaudoti ciklą cikle šiai problemai išspręsti.</p>",
    "<h3>Ką reikia žinoti</h3>",
    "<ul><li>Funkcijas <code>pirmyn()</code>, <code>suktis_kairėn()</code> ir <code>paimti()</code>.</li>",
    "<li>Patikrinimą <code>aptiktas_objektas()</code>.</li>",
    "<li>Kaip naudoti sąlygos ir ciklo sakinius.</li></ul>",
    "DIFFICULTY3"
  ],
  "robots": [
    {
      "x": 1,
      "y": 1,
      "_orientation": 0,
      "_is_leaky": true,
      "_prev_x": 1,
      "_prev_y": 1,
      "_prev_orientation": 0,
      "_trace_history": [],
      "_trace_style": "default",
      "_trace_color": "seagreen",
      "__id": 54,
      "model": "classic",
      "possible_initial_positions": [
        [
          1,
          1
        ]
      ]
    }
  ],
  "walls": {
    "10,1": [
      "east"
    ],
    "10,2": [
      "east"
    ],
    "10,3": [
      "east"
    ],
    "10,4": [
      "east"
    ],
    "10,5": [
      "east"
    ],
    "10,6": [
      "east"
    ],
    "10,7": [
      "east"
    ],
    "10,8": [
      "east"
    ],
    "10,9": [
      "east"
    ],
    "10,10": [
      "east",
      "north"
    ],
    "9,10": [
      "north"
    ],
    "8,10": [
      "north"
    ],
    "7,10": [
      "north"
    ],
    "6,10": [
      "north"
    ],
    "5,10": [
      "north"
    ],
    "4,10": [
      "north"
    ],
    "3,10": [
      "north"
    ],
    "2,10": [
      "north"
    ],
    "1,10": [
      "north"
    ]
  },
  "goal": {
    "objects": {
      "10,1": {},
      "9,1": {
        "carrot": "all"
      }
    }
  },
  "objects": {
    "5,3": {
      "carrot": "0-1"
    },
    "5,4": {
      "carrot": "0-1"
    },
    "5,5": {
      "carrot": "0-1"
    },
    "5,6": {
      "carrot": "0-1"
    },
    "5,8": {
      "carrot": "0-1"
    },
    "4,8": {
      "carrot": "0-1"
    },
    "4,7": {
      "carrot": "0-1"
    },
    "4,5": {
      "carrot": "0-1"
    },
    "4,4": {
      "carrot": "0-1"
    },
    "6,7": {
      "carrot": "0-1"
    },
    "6,6": {
      "carrot": "0-1"
    },
    "6,5": {
      "carrot": "0-1"
    },
    "6,4": {
      "carrot": "0-1"
    },
    "6,3": {
      "carrot": "0-1"
    },
    "7,8": {
      "carrot": "0-1"
    },
    "7,7": {
      "carrot": "0-1"
    },
    "7,6": {
      "carrot": "0-1"
    },
    "7,4": {
      "carrot": "0-1"
    },
    "8,7": {
      "carrot": "0-1"
    },
    "8,6": {
      "carrot": "0-1"
    },
    "8,5": {
      "carrot": "0-1"
    },
    "3,8": {
      "carrot": "0-1"
    },
    "3,7": {
      "carrot": "0-1"
    },
    "3,6": {
      "carrot": "0-1"
    },
    "3,5": {
      "carrot": "0-1"
    },
    "3,4": {
      "carrot": "0-1"
    },
    "8,8": {
      "carrot": "0-1"
    },
    "8,4": {
      "carrot": "0-1"
    },
    "7,3": {
      "carrot": "0-1"
    },
    "3,3": {
      "carrot": "0-1"
    },
    "8,3": {
      "carrot": "0-1"
    },
    "6,8": {
      "carrot": "0-1"
    },
    "5,7": {
      "carrot": "0-1"
    },
    "4,6": {
      "carrot": "0-1"
    },
    "7,5": {
      "carrot": "0-1"
    },
    "4,3": {
      "carrot": "0-1"
    }
  },
  "small_tiles": false,
  "rows": 10,
  "cols": 10,
  "tiles": {
    "1,1": [
      "grass"
    ],
    "1,2": [
      "grass"
    ],
    "1,3": [
      "grass"
    ],
    "1,4": [
      "grass"
    ],
    "1,5": [
      "grass"
    ],
    "1,6": [
      "grass"
    ],
    "1,7": [
      "grass"
    ],
    "1,8": [
      "grass"
    ],
    "1,9": [
      "grass"
    ],
    "1,10": [
      "grass"
    ],
    "2,1": [
      "grass"
    ],
    "2,2": [
      "grass"
    ],
    "2,3": [
      "grass"
    ],
    "2,4": [
      "grass"
    ],
    "2,5": [
      "grass"
    ],
    "2,6": [
      "grass"
    ],
    "2,7": [
      "grass"
    ],
    "2,8": [
      "grass"
    ],
    "2,9": [
      "grass"
    ],
    "2,10": [
      "grass"
    ],
    "3,1": [
      "grass"
    ],
    "3,2": [
      "grass"
    ],
    "3,3": [
      "pale_grass"
    ],
    "3,4": [
      "pale_grass"
    ],
    "3,5": [
      "pale_grass"
    ],
    "3,6": [
      "pale_grass"
    ],
    "3,7": [
      "pale_grass"
    ],
    "3,8": [
      "pale_grass"
    ],
    "3,9": [
      "grass"
    ],
    "3,10": [
      "grass"
    ],
    "4,1": [
      "grass"
    ],
    "4,2": [
      "grass"
    ],
    "4,3": [
      "pale_grass"
    ],
    "4,4": [
      "pale_grass"
    ],
    "4,5": [
      "pale_grass"
    ],
    "4,6": [
      "pale_grass"
    ],
    "4,7": [
      "pale_grass"
    ],
    "4,8": [
      "pale_grass"
    ],
    "4,9": [
      "grass"
    ],
    "4,10": [
      "grass"
    ],
    "5,1": [
      "grass"
    ],
    "5,2": [
      "grass"
    ],
    "5,3": [
      "pale_grass"
    ],
    "5,4": [
      "pale_grass"
    ],
    "5,5": [
      "pale_grass"
    ],
    "5,6": [
      "pale_grass"
    ],
    "5,7": [
      "pale_grass"
    ],
    "5,8": [
      "pale_grass"
    ],
    "5,9": [
      "grass"
    ],
    "5,10": [
      "grass"
    ],
    "6,1": [
      "grass"
    ],
    "6,2": [
      "grass"
    ],
    "6,3": [
      "pale_grass"
    ],
    "6,4": [
      "pale_grass"
    ],
    "6,5": [
      "pale_grass"
    ],
    "6,6": [
      "pale_grass"
    ],
    "6,7": [
      "pale_grass"
    ],
    "6,8": [
      "pale_grass"
    ],
    "6,9": [
      "grass"
    ],
    "6,10": [
      "grass"
    ],
    "7,1": [
      "grass"
    ],
    "7,2": [
      "grass"
    ],
    "7,3": [
      "pale_grass"
    ],
    "7,4": [
      "pale_grass"
    ],
    "7,5": [
      "pale_grass"
    ],
    "7,6": [
      "pale_grass"
    ],
    "7,7": [
      "pale_grass"
    ],
    "7,8": [
      "pale_grass"
    ],
    "7,9": [
      "grass"
    ],
    "7,10": [
      "grass"
    ],
    "8,1": [
      "grass"
    ],
    "8,2": [
      "grass"
    ],
    "8,3": [
      "pale_grass"
    ],
    "8,4": [
      "pale_grass"
    ],
    "8,5": [
      "pale_grass"
    ],
    "8,6": [
      "pale_grass"
    ],
    "8,7": [
      "pale_grass"
    ],
    "8,8": [
      "pale_grass"
    ],
    "8,9": [
      "grass"
    ],
    "8,10": [
      "grass"
    ],
    "9,1": [
      "grass"
    ],
    "9,2": [
      "grass"
    ],
    "9,3": [
      "grass"
    ],
    "9,4": [
      "grass"
    ],
    "9,5": [
      "grass"
    ],
    "9,6": [
      "grass"
    ],
    "9,7": [
      "grass"
    ],
    "9,8": [
      "grass"
    ],
    "9,9": [
      "grass"
    ],
    "9,10": [
      "grass"
    ],
    "10,1": [
      "grass"
    ],
    "10,2": [
      "grass"
    ],
    "10,3": [
      "grass"
    ],
    "10,4": [
      "grass"
    ],
    "10,5": [
      "grass"
    ],
    "10,6": [
      "grass"
    ],
    "10,7": [
      "grass"
    ],
    "10,8": [
      "grass"
    ],
    "10,9": [
      "grass"
    ],
    "10,10": [
      "grass"
    ]
  }
}