{
  "robots": [
    {
      "x": 1,
      "y": 1,
      "_orientation": 0,
      "possible_initial_positions": [
        [
          1,
          1
        ]
      ],
      "objects": {},
      "_is_leaky": true,
      "_prev_x": 1,
      "_prev_y": 1,
      "_prev_orientation": 0,
      "_trace_history": [],
      "_trace_style": "default",
      "_trace_color": "seagreen",
      "__id": 4,
      "model": "classic"
    }
  ],
  "small_tiles": false,
  "rows": 5,
  "cols": 14,
  "pre": [
    "RUR.show_path(RUR.public['path'], \"lightgray\");",
    ""
  ],
  "post": [
    "RUR.public.my_check(\"Robotukas nesekė numatytu keliu.\");",
    ""
  ],
  "description": [
    "<h1>Lenktynės su kliūtimis</h1>",
    "<p>Robotukas vėl šokinėja per kliūtis.",
    " Šį kartą visos kliūtys gali būti ne vienodai nutolusios viena nuo kitos.",
    " Turėtumėte naudoti <code>repeat</code> ciklą, norėdami, kad Robotukas įveiktų kliūtis,",
    " ir baigtų ties tikslu. ",
    "Savo programoje turite naudoti <code>if/elif/else</code> struktūrą.</p>",
    "<h3>Ką reikia žinoti</h3>",
    "<ul><li>Funkcijas <code>pirmyn()</code> ir <code>suktis_kairėn()</code>.</li>",
    "<li>Sąlygas <code>priekyje_laisva()</code> arba <code>priekyje_siena()</code></li>",
    "<li>Kaip naudoti ciklą <code>repeat</code> ir sakinį <code>if/elif/else</code>.</li></ul>",
    "<p>Jūsų programa taip pat turėtų tikti <b>10</b> pasauliui.</p>",
    "DIFFICULTY4"
  ],
  "onload": [
    "var x;",
    "RUR.public['path'] = [[1, 1]]",
    "RUR.set_model('light blue');",
    "RUR._set_trace_color_('cyan');",
    "",
    "// build a random path",
    "for (x=1; x <= 12; x++) {",
    "    if (RUR.randint(1, 2)==1) {",
    "        RUR.add_wall(\"east\", x, 1);",
    "        RUR.public.path.push([x, 2]);",
    "        RUR.public.path.push([x+1, 2]);",
    "    }",
    "    RUR.public.path.push([x+1, 1]);",
    "}",
    "",
    "// We show the desired path very clearly;  in the",
    "// Pre editor, we will set it to be less visible",
    "RUR.show_path(RUR.public['path'], 'black');",
    "",
    "",
    "// We also add semi-transparent tiles over the background",
    "// image to show the desired path. We define a function",
    "// as we will need to redo this once the path is trimmed",
    "RUR.public.show_background = function () {",
    "    for (i=0; i < RUR.public.path.length; i++ ){",
    "        x = RUR.public.path[i][0];",
    "        y = RUR.public.path[i][1];",
    "        RUR.add_colored_tile('rgba(255, 255, 255, 0.3)', x, y);",
    "    }",
    "}",
    "",
    "RUR.public.show_background();",
    "",
    "// Since RUR.public['path'] is defined, setting the following to true ",
    "// and not simply a truthy value, will make the grid show ONLY on",
    "// the path",
    "",
    "RUR.state.visible_grid = RUR.PATH_ONLY;",
    "// The following is going to be called in the Post editor",
    "// we want users to be able to use either Python or Javascript",
    "// to solve this task - so we cannot have Python or Javascript",
    "// specific syntax in either the Pre or the Post editor",
    "RUR.public.my_check = function (failure) {",
    "    if ( RUR.check_path(RUR.public['path']) ) {",
    "        return; // nothing else required.",
    "    }",
    "",
    "    // The program did not work ... let's show all the required",
    "    // feedback in essentially one step",
    "    recording(false); // do not record a new frame for each action",
    "",
    "    //let's make the background picture less visible",
    "    // by covering the entire background with semi-transparent black tiles",
    "    RUR.fill_background('rgba(0, 0, 0, 0.6)');",
    "    // We also show the path again",
    "    RUR.show_path(RUR.public['path'], 'orange');",
    "   ",
    "    // all desired changes done; ready to show them",
    "    recording(true);",
    "",
    "    // finally, we throw an error to end the execution",
    "    // and record the final frame",
    "    throw new RUR.ReeborgError(failure);",
    "}",
    ""
  ],
  "background_image": "https://arzinai.lt/robotukas/ree/worlds/images/stadium.png",
  "walls": {},
  "goal": {
    "position": {
      "image": "racing_flag",
      "x": 13,
      "y": 1
    }
  }
}